design,criteria,response
kitchen utensil grip,lightweight,"To design a lightweight kitchen utensil grip, I will use the following materials from the materials database:
- Wood
- Medium Carbon Steel
- Low Alloy Steel
- Stainless Steel
- Aluminum
- Copper
- Plastic
- Glass
- Rubber
- Metal
- Metal Mesh
- Metal Mesh Plastic
- Metal Mesh Glass
- Metal Mesh Rubber
- Metal Mesh Metal Mesh Plastic
- Metal Mesh Metal Mesh Glass
- Metal Mesh Metal Mesh Rubber
- Metal Mesh Metal Mesh Metal Mesh Plastic
- Metal Mesh Metal Mesh Metal Mesh Glass
- Metal Mesh Metal Mesh Metal Mesh Rubber
- Metal Mesh Metal Mesh Metal Mesh Metal Mesh Plastic
- Metal Mesh Metal Mesh Metal Mesh Metal Mesh Glass
- Metal Mesh Metal Mesh Metal Mesh Metal Mesh Metal Mesh Plastic
- Metal Mesh Metal Mesh Metal Mesh Metal Mesh Metal Mesh Plastic
- Metal Mesh Metal Mesh Metal Mesh Metal Mesh Metal Mesh Plastic
- Metal Mesh Metal Mesh Metal Mesh Metal Mesh Metal Mesh Metal Mesh Plastic
- Metal Mesh Metal Mesh Metal Mesh Metal Mesh Metal Mesh Metal Mesh Metal Mesh Plastic
- Metal Mesh Metal Mesh Metal Mesh Metal Mesh Metal Mesh Metal Mesh Metal Mesh Metal Mesh Plastic
- Metal Mesh Metal Mesh Metal Mesh Metal Mesh Metal Mesh Metal Mesh Metal Mesh Metal Mesh Metal Mesh Plastic
- Metal Mesh Metal Mesh Metal Mesh Metal Mesh Metal Mesh Metal Mesh Metal Mesh Metal Mesh Metal Mesh Plastic
- Metal Mesh Metal Mesh Metal Mesh Metal Mesh Metal Mesh Metal Mesh Metal Mesh Metal Mesh Metal Mesh Metal Mesh Plastic
- Metal Mesh Metal Mesh Metal Mesh Metal Mesh Metal Mesh Metal Mesh Metal Mesh Metal Mesh Metal Mesh Metal Mesh Metal Mesh Plastic
- Metal Mesh Metal Mesh Metal Mesh Metal Mesh Metal Mesh Metal Mesh Metal Mesh Metal Mesh Metal Mesh Metal Mesh Metal Mesh Metal Mesh Plastic
- Metal Mesh Metal Mesh Metal Mesh Metal Mesh Metal Mesh Metal Mesh Metal Mesh Metal Mesh Metal Mesh Metal Mesh Metal Mesh Metal Mesh Metal Mesh Plastic
- Metal Mesh Metal Mesh Metal Mesh Metal Mesh Metal Mesh Metal Mesh Metal Mesh Metal Mesh Metal Mesh Metal Mesh Metal Mesh Metal Mesh Metal Mesh Metal Mesh Plastic
- Metal Mesh Metal Mesh Metal Mesh Metal Mesh Metal Mesh Metal Mesh Metal Mesh Metal Mesh Metal Mesh Metal Mesh Metal Mesh Metal Mesh Metal Mesh Metal Mesh Metal Mesh Plastic
- Metal Mesh Metal Mesh Metal Mesh Metal Mesh Metal Mesh Metal Mesh Metal Mesh Metal Mesh Metal Mesh Metal Mesh Metal Mesh Metal Mesh Metal Mesh Metal Mesh Metal Mesh Metal Mesh Plastic
- Metal Mesh Metal Mesh Metal Mesh Metal Mesh Metal Mesh Metal Mesh Metal Mesh Metal Mesh Metal Mesh Metal Mesh Metal Mesh Metal Mesh Metal Mesh Metal Mesh Metal Mesh Metal Mesh"
kitchen utensil grip,heat resistant,
kitchen utensil grip,corrosion resistant,
kitchen utensil grip,high strength,
safety helmet,lightweight,
safety helmet,heat resistant,
safety helmet,corrosion resistant,
safety helmet,high strength,
underwater component,lightweight,
underwater component,heat resistant,
underwater component,corrosion resistant,
underwater component,high strength,
spacecraft component,lightweight,
spacecraft component,heat resistant,
spacecraft component,corrosion resistant,
spacecraft component,high strength,
